subd_id1,subd_id2,weight,color
375,270,0.38300000000000001,Yellow
375,377,0.38300000000000001,Yellow
270,377,0.39100000000000001,Yellow
375,43,0.38300000000000001,Yellow
270,43,0.41399999999999998,Yellow
377,43,0.39100000000000001,Yellow
43,94,0.55700000000000005,Yellow
57,164,0.30599999999999999,Gray40
94,522,0.53100000000000003,Yellow
164,276,0.45800000000000002,Lavender
57,276,0.315,Gray40
522,74,0.53100000000000003,Yellow
57,74,0.57199999999999995,Yellow
522,173,0.53100000000000003,Yellow
74,173,0.60399999999999998,Yellow
57,173,0.57199999999999995,Yellow
43,476,0.371,Gray40
94,476,0.42099999999999999,Gray40
74,476,0.40300000000000002,Gray40
57,56,0.35299999999999998,Gray40
74,208,0.318,Gray40
173,208,0.318,Gray40
208,446,0.47699999999999998,Lavender
56,446,0.53,Lavender
276,446,0.47199999999999998,Lavender
164,446,0.45800000000000002,Lavender
276,359,0.42399999999999999,Lavender
446,359,0.42399999999999999,Lavender
359,291,0.28299999999999997,Gray40
74,291,0.33300000000000002,Gray40
291,331,0.26600000000000001,Gray40
56,371,0.39200000000000002,Lavender
291,156,0.5,Mulberry
74,156,0.40300000000000002,Gray40
331,3,0.39900000000000002,Lavender
276,3,0.47199999999999998,Lavender
522,3,0.35399999999999998,Gray40
359,3,0.42399999999999999,Lavender
74,3,0.40300000000000002,Gray40
56,3,0.53,Lavender
208,3,0.47699999999999998,Lavender
164,3,0.45800000000000002,Lavender
371,3,0.39200000000000002,Lavender
446,3,0.63600000000000001,Lavender
173,3,0.40400000000000003,Gray40
446,356,0.40699999999999997,Lavender
56,356,0.40699999999999997,Lavender
371,356,0.39200000000000002,Lavender
446,160,0.52400000000000002,Lavender
3,160,0.52400000000000002,Lavender
208,160,0.47699999999999998,Lavender
331,160,0.39900000000000002,Lavender
359,160,0.42399999999999999,Lavender
356,306,0.40699999999999997,Lavender
371,306,0.39200000000000002,Lavender
56,306,0.443,Lavender
56,458,0.53,Lavender
356,458,0.40699999999999997,Lavender
306,458,0.443,Lavender
371,458,0.39200000000000002,Lavender
3,474,0.53800000000000003,Lavender
208,137,0.47699999999999998,Lavender
446,137,0.59299999999999997,Lavender
3,137,0.59299999999999997,Lavender
156,14,0.60799999999999998,Mulberry
476,14,0.66900000000000004,Mulberry
94,14,0.42099999999999999,Gray40
56,188,0.45100000000000001,Lavender
474,188,0.45100000000000001,Lavender
446,295,0.504,Lavender
3,295,0.504,Lavender
208,295,0.47699999999999998,Lavender
160,295,0.504,Lavender
137,295,0.504,Lavender
476,221,0.52,Mulberry
14,221,0.52,Mulberry
156,221,0.52,Mulberry
291,428,0.33300000000000002,Gray40
356,428,0.40699999999999997,Lavender
359,428,0.42399999999999999,Lavender
56,428,0.53,Lavender
371,428,0.39200000000000002,Lavender
3,428,0.64500000000000002,Lavender
476,64,0.66900000000000004,Mulberry
331,64,0.26600000000000001,Gray40
14,64,0.78,Mulberry
156,64,0.60799999999999998,Mulberry
221,64,0.52,Mulberry
276,430,0.47199999999999998,Lavender
173,430,0.40400000000000003,Gray40
160,430,0.52400000000000002,Lavender
446,430,0.63600000000000001,Lavender
56,430,0.53,Lavender
3,430,0.71699999999999997,Lavender
356,430,0.40699999999999997,Lavender
3,395,0.311,Lavender
428,395,0.311,Lavender
188,136,0.45100000000000001,Lavender
137,136,0.55900000000000005,Lavender
3,136,0.55900000000000005,Lavender
3,159,0.45600000000000002,Lavender
395,159,0.311,Lavender
291,159,0.30399999999999999,Gray40
428,159,0.45600000000000002,Lavender
136,370,0.52300000000000002,Lavender
64,393,0.47499999999999998,Mulberry
14,393,0.47499999999999998,Mulberry
476,393,0.47499999999999998,Mulberry
221,393,0.47499999999999998,Mulberry
156,393,0.47499999999999998,Mulberry
221,435,0.52,Mulberry
64,435,0.73699999999999999,Mulberry
393,435,0.47499999999999998,Mulberry
476,435,0.66900000000000004,Mulberry
14,435,0.73699999999999999,Mulberry
156,435,0.60799999999999998,Mulberry
156,392,0.45300000000000001,Mulberry
14,392,0.45300000000000001,Mulberry
221,337,0.505,Mulberry
156,337,0.505,Mulberry
14,337,0.505,Mulberry
64,337,0.505,Mulberry
393,337,0.47499999999999998,Mulberry
435,337,0.505,Mulberry
428,152,0.51300000000000001,Lavender
159,152,0.45600000000000002,Lavender
295,526,0.504,Lavender
295,433,0.504,Lavender
526,433,0.59799999999999998,Lavender
159,288,0.45600000000000002,Lavender
395,288,0.311,Lavender
428,288,0.56200000000000006,Lavender
136,186,0.55900000000000005,Lavender
370,186,0.52300000000000002,Lavender
188,317,0.45100000000000001,Lavender
136,317,0.52900000000000003,Lavender
186,317,0.52900000000000003,Lavender
370,317,0.52300000000000002,Lavender
137,317,0.52900000000000003,Lavender
3,317,0.52900000000000003,Lavender
3,489,0.69599999999999995,Lavender
428,489,0.64500000000000002,Lavender
288,489,0.56200000000000006,Lavender
186,489,0.68799999999999994,Lavender
152,118,0.51300000000000001,Lavender
159,118,0.45600000000000002,Lavender
186,118,0.52800000000000002,Lavender
288,118,0.52800000000000002,Lavender
489,118,0.52800000000000002,Lavender
428,118,0.52800000000000002,Lavender
428,280,0.43,Lavender
159,280,0.43,Lavender
188,450,0.45100000000000001,Lavender
370,450,0.52300000000000002,Lavender
317,450,0.52900000000000003,Lavender
3,450,0.79500000000000004,Lavender
186,450,0.68799999999999994,Lavender
474,450,0.53800000000000003,Lavender
136,450,0.55900000000000005,Lavender
186,5,0.68799999999999994,Lavender
428,5,0.64500000000000002,Lavender
152,5,0.51300000000000001,Lavender
288,5,0.56200000000000006,Lavender
136,5,0.55900000000000005,Lavender
489,5,0.69599999999999995,Lavender
280,5,0.43,Lavender
395,5,0.311,Lavender
118,5,0.52800000000000002,Lavender
159,5,0.45600000000000002,Lavender
280,481,0.43,Lavender
3,481,0.52600000000000002,Lavender
458,481,0.52600000000000002,Lavender
306,481,0.443,Lavender
5,299,0.61299999999999999,Lavender
489,299,0.61299999999999999,Lavender
186,299,0.61299999999999999,Lavender
428,299,0.61299999999999999,Lavender
118,299,0.52800000000000002,Lavender
159,299,0.45600000000000002,Lavender
317,193,0.52900000000000003,Lavender
295,193,0.504,Lavender
160,193,0.52400000000000002,Lavender
188,193,0.45100000000000001,Lavender
3,193,0.63500000000000001,Lavender
489,400,0.69599999999999995,Lavender
288,400,0.56200000000000006,Lavender
5,400,0.74399999999999999,Lavender
118,121,0.52800000000000002,Lavender
481,121,0.52600000000000002,Lavender
428,121,0.58699999999999997,Lavender
5,121,0.58699999999999997,Lavender
400,121,0.58699999999999997,Lavender
280,121,0.43,Lavender
3,398,0.46200000000000002,Lavender
193,96,0.63500000000000001,Lavender
398,96,0.46200000000000002,Lavender
481,96,0.52600000000000002,Lavender
433,96,0.76100000000000001,Lavender
3,96,0.76100000000000001,Lavender
295,96,0.504,Lavender
526,96,0.59799999999999998,Lavender
137,96,0.59299999999999997,Lavender
156,501,0.60799999999999998,Mulberry
393,501,0.47499999999999998,Mulberry
435,501,0.70499999999999996,Mulberry
392,501,0.45300000000000001,Mulberry
221,501,0.52,Mulberry
96,501,0.47,Gray40
64,501,0.70499999999999996,Mulberry
14,501,0.70499999999999996,Mulberry
392,351,0.45300000000000001,Mulberry
435,351,0.54200000000000004,Mulberry
501,351,0.54200000000000004,Mulberry
221,351,0.52,Mulberry
393,351,0.47499999999999998,Mulberry
64,351,0.54200000000000004,Mulberry
14,351,0.54200000000000004,Mulberry
5,308,0.63700000000000001,Lavender
398,308,0.46200000000000002,Lavender
3,455,0.85899999999999999,Lavender
96,455,0.76100000000000001,Lavender
398,455,0.46200000000000002,Lavender
308,455,0.63700000000000001,Lavender
193,455,0.63500000000000001,Lavender
308,153,0.61199999999999999,Lavender
398,153,0.46200000000000002,Lavender
400,153,0.61199999999999999,Lavender
455,153,0.61199999999999999,Lavender
489,66,0.69599999999999995,Lavender
455,66,0.74099999999999999,Lavender
481,66,0.52600000000000002,Lavender
121,66,0.58699999999999997,Lavender
398,66,0.46200000000000002,Lavender
5,484,0.625,Lavender
118,484,0.52800000000000002,Lavender
455,484,0.625,Lavender
66,484,0.625,Lavender
299,484,0.61299999999999999,Lavender
308,484,0.625,Lavender
66,330,0.44,Lavender
121,330,0.44,Lavender
280,330,0.43,Lavender
455,330,0.44,Lavender
481,330,0.44,Lavender
317,225,0.49099999999999999,Lavender
455,225,0.49099999999999999,Lavender
96,225,0.49099999999999999,Lavender
193,225,0.49099999999999999,Lavender
14,228,0.51,Mulberry
351,228,0.51,Mulberry
501,228,0.51,Mulberry
393,228,0.47499999999999998,Mulberry
435,228,0.51,Mulberry
484,65,0.625,Lavender
299,65,0.61299999999999999,Lavender
14,108,0.82499999999999996,Mulberry
337,108,0.505,Mulberry
393,108,0.47499999999999998,Mulberry
435,108,0.73699999999999999,Mulberry
64,108,0.78,Mulberry
501,108,0.70499999999999996,Mulberry
228,108,0.51,Mulberry
398,253,0.46200000000000002,Lavender
455,253,0.50700000000000001,Lavender
153,253,0.50700000000000001,Lavender
308,253,0.50700000000000001,Lavender
484,385,0.59199999999999997,Lavender
65,385,0.59199999999999997,Lavender
66,517,0.74099999999999999,Lavender
65,517,0.75600000000000001,Lavender
385,517,0.59199999999999997,Lavender
5,517,0.79600000000000004,Lavender
65,240,0.68200000000000005,Lavender
450,240,0.68200000000000005,Lavender
517,240,0.68200000000000005,Lavender
385,240,0.59199999999999997,Lavender
225,553,0.28199999999999997,Lavender
96,553,0.28199999999999997,Lavender
484,322,0.41699999999999998,Gray40
240,46,0.68200000000000005,Lavender
517,46,0.79600000000000004,Lavender
65,46,0.75600000000000001,Lavender
450,46,0.79500000000000004,Lavender
66,175,0.65200000000000002,Lavender
517,175,0.65200000000000002,Lavender
481,175,0.52600000000000002,Lavender
330,175,0.44,Lavender
193,409,0.42299999999999999,Gray40
322,409,0.42499999999999999,Gray40
225,409,0.32700000000000001,Gray40
96,409,0.50700000000000001,Gray40
330,223,0.44,Lavender
385,223,0.52800000000000002,Lavender
65,223,0.52800000000000002,Lavender
46,219,0.42099999999999999,Gray40
517,219,0.42099999999999999,Gray40
385,219,0.39500000000000002,Gray40
46,232,0.52800000000000002,Gray40
322,232,0.63700000000000001,Mulberry
517,232,0.52800000000000002,Gray40
65,232,0.504,Gray40
253,232,0.33800000000000002,Gray40
108,125,0.84799999999999998,Mulberry
46,176,0.57199999999999995,Gray40
517,176,0.53100000000000003,Gray40
108,176,0.84799999999999998,Mulberry
232,176,0.79200000000000004,Mulberry
322,353,0.48899999999999999,Mulberry
409,353,0.32600000000000001,Gray40
125,353,0.48899999999999999,Mulberry
517,229,0.53100000000000003,Gray40
232,229,0.79200000000000004,Mulberry
46,229,0.59,Gray40
175,229,0.435,Gray40
176,229,0.85799999999999998,Mulberry
225,111,0.32700000000000001,Gray40
96,111,0.441,Gray40
232,483,0.79200000000000004,Mulberry
455,483,0.57299999999999995,Gray40
229,483,0.88500000000000001,Mulberry
108,463,0.84799999999999998,Mulberry
176,463,0.85799999999999998,Mulberry
125,463,0.92600000000000005,Mulberry
232,463,0.79200000000000004,Mulberry
483,463,0.92600000000000005,Mulberry
229,463,0.88500000000000001,Mulberry
125,103,1.018,Mulberry
232,103,0.79200000000000004,Mulberry
409,103,0.67900000000000005,Gray40
322,103,0.63700000000000001,Mulberry
176,103,0.85799999999999998,Mulberry
463,103,0.92600000000000005,Mulberry
353,103,0.48899999999999999,Mulberry
409,92,0.86399999999999999,SkyBlue
240,201,0.42899999999999999,Gray40
111,201,0.64300000000000002,SkyBlue
92,368,0.438,SkyBlue
103,70,0.48899999999999999,Gray40
351,70,0.36199999999999999,Gray40
92,70,0.73299999999999998,SkyBlue
409,70,0.73299999999999998,SkyBlue
463,376,0.73099999999999998,Mulberry
108,376,0.73099999999999998,Mulberry
103,376,0.73099999999999998,Mulberry
125,376,0.73099999999999998,Mulberry
353,376,0.48899999999999999,Mulberry
553,98,0.188,Gray40
430,98,0.46600000000000003,Gray40
501,256,0.38700000000000001,Gray40
111,256,0.58099999999999996,SkyBlue
70,256,0.58099999999999996,SkyBlue
111,248,0.58599999999999997,SkyBlue
70,248,0.58599999999999997,SkyBlue
219,38,0.63200000000000001,Mulberry
229,38,0.88500000000000001,Mulberry
175,38,0.435,Gray40
176,38,0.85799999999999998,Mulberry
232,38,0.79200000000000004,Mulberry
46,38,0.66900000000000004,Gray40
483,38,0.96899999999999997,Mulberry
253,38,0.33800000000000002,Gray40
517,38,0.53100000000000003,Gray40
463,38,0.92600000000000005,Mulberry
232,13,0.79200000000000004,Mulberry
483,13,0.96899999999999997,Mulberry
463,13,0.92600000000000005,Mulberry
376,13,0.73099999999999998,Mulberry
175,13,0.435,Gray40
46,13,0.66900000000000004,Gray40
108,13,0.84799999999999998,Mulberry
176,13,0.85799999999999998,Mulberry
229,13,0.88500000000000001,Mulberry
103,13,1.018,Mulberry
38,13,1.3340000000000001,Mulberry
256,147,0.58099999999999996,SkyBlue
111,147,0.63600000000000001,SkyBlue
248,147,0.58599999999999997,SkyBlue
368,382,0.438,SkyBlue
92,382,0.48,SkyBlue
409,382,0.48,SkyBlue
232,263,0.75900000000000001,Mulberry
13,263,0.75900000000000001,Mulberry
175,263,0.435,Gray40
38,263,0.75900000000000001,Mulberry
70,187,0.621,SkyBlue
147,187,0.621,SkyBlue
256,187,0.58099999999999996,SkyBlue
228,187,0.34,Gray40
70,497,0.55200000000000005,SkyBlue
256,497,0.55200000000000005,SkyBlue
147,497,0.55200000000000005,SkyBlue
187,497,0.55200000000000005,SkyBlue
248,497,0.55200000000000005,SkyBlue
201,23,0.64300000000000002,SkyBlue
38,23,0.61399999999999999,Gray40
263,23,0.50600000000000001,Gray40
13,23,0.61399999999999999,Gray40
263,439,0.50600000000000001,Gray40
175,439,0.435,Gray40
223,439,0.35199999999999998,Gray40
38,439,0.627,Gray40
201,482,0.64300000000000002,SkyBlue
23,482,0.66200000000000003,SkyBlue
263,482,0.441,Gray40
23,102,0.85299999999999998,SkyBlue
38,102,0.56799999999999995,Gray40
263,102,0.50600000000000001,Gray40
13,102,0.56799999999999995,Gray40
23,518,0.443,SkyBlue
102,518,0.443,SkyBlue
38,518,0.29499999999999998,Gray40
263,518,0.29499999999999998,Gray40
13,518,0.29499999999999998,Gray40
98,507,0.67600000000000005,SkyBlue
102,521,0.59299999999999997,SkyBlue
201,521,0.59299999999999997,SkyBlue
23,521,0.59299999999999997,SkyBlue
23,396,0.64400000000000002,SkyBlue
482,396,0.64400000000000002,SkyBlue
102,396,0.64400000000000002,SkyBlue
521,396,0.59299999999999997,SkyBlue
201,396,0.64300000000000002,SkyBlue
248,296,0.54300000000000004,SkyBlue
111,296,0.54300000000000004,SkyBlue
507,296,0.54300000000000004,SkyBlue
98,296,0.54300000000000004,SkyBlue
102,465,0.73199999999999998,SkyBlue
396,465,0.64400000000000002,SkyBlue
256,465,0.58099999999999996,SkyBlue
147,465,0.63600000000000001,SkyBlue
482,465,0.66200000000000003,SkyBlue
23,465,0.73199999999999998,SkyBlue
482,406,0.66200000000000003,SkyBlue
439,406,0.94,SkyBlue
23,406,0.92100000000000004,SkyBlue
483,406,0.64600000000000002,Gray40
201,406,0.64300000000000002,SkyBlue
521,406,0.59299999999999997,SkyBlue
263,406,0.50600000000000001,Gray40
518,406,0.443,SkyBlue
102,406,0.85299999999999998,SkyBlue
396,406,0.64400000000000002,SkyBlue
187,86,0.621,SkyBlue
497,86,0.55200000000000005,SkyBlue
70,86,0.63300000000000001,SkyBlue
92,86,0.63300000000000001,SkyBlue
98,86,0.63300000000000001,SkyBlue
70,416,0.73299999999999998,SkyBlue
38,416,0.622,Gray40
86,416,0.63300000000000001,SkyBlue
263,416,0.50600000000000001,Gray40
439,90,0.91300000000000003,SkyBlue
518,90,0.443,SkyBlue
521,90,0.59299999999999997,SkyBlue
416,90,0.91300000000000003,SkyBlue
406,90,0.91300000000000003,SkyBlue
23,90,0.91300000000000003,SkyBlue
102,90,0.85299999999999998,SkyBlue
201,90,0.64300000000000002,SkyBlue
465,90,0.73199999999999998,SkyBlue
396,90,0.64400000000000002,SkyBlue
38,90,0.60899999999999999,Gray40
482,90,0.66200000000000003,SkyBlue
13,90,0.60899999999999999,Gray40
86,128,0.63300000000000001,SkyBlue
187,128,0.621,SkyBlue
416,128,0.65800000000000003,SkyBlue
439,128,0.65800000000000003,SkyBlue
70,128,0.65800000000000003,SkyBlue
439,448,0.79,SkyBlue
70,448,0.73299999999999998,SkyBlue
128,448,0.65800000000000003,SkyBlue
38,448,0.52700000000000002,Gray40
187,448,0.621,SkyBlue
86,448,0.63300000000000001,SkyBlue
416,242,0.58699999999999997,SkyBlue
497,242,0.55200000000000005,SkyBlue
128,242,0.58699999999999997,SkyBlue
86,242,0.58699999999999997,SkyBlue
448,242,0.58699999999999997,SkyBlue
187,242,0.58699999999999997,SkyBlue
70,242,0.58699999999999997,SkyBlue
507,459,0.67600000000000005,SkyBlue
416,459,0.72,SkyBlue
242,459,0.58699999999999997,SkyBlue
98,459,0.69899999999999995,SkyBlue
187,459,0.621,SkyBlue
70,459,0.72,SkyBlue
128,459,0.65800000000000003,SkyBlue
86,459,0.63300000000000001,SkyBlue
98,346,0.69899999999999995,SkyBlue
346,47,0.751,SkyBlue
465,47,0.73199999999999998,SkyBlue
376,47,0.48699999999999999,Gray40
416,47,0.751,SkyBlue
128,47,0.65800000000000003,SkyBlue
242,47,0.58699999999999997,SkyBlue
86,47,0.63300000000000001,SkyBlue
147,168,0.59799999999999998,SkyBlue
465,168,0.59799999999999998,SkyBlue
90,168,0.59799999999999998,SkyBlue
256,168,0.58099999999999996,SkyBlue
98,34,0.69799999999999995,SkyBlue
507,34,0.67600000000000005,SkyBlue
296,34,0.54300000000000004,SkyBlue
13,185,0.41799999999999998,Gray40
90,185,0.41799999999999998,Gray40
263,185,0.41799999999999998,Gray40
38,185,0.41799999999999998,Gray40
448,185,0.41799999999999998,Gray40
98,344,0.6,SkyBlue
346,344,0.6,SkyBlue
185,179,0.627,Blue
108,179,0.56499999999999995,Gray40
38,179,0.61099999999999999,Gray40
13,179,0.61099999999999999,Gray40
376,179,0.48699999999999999,Gray40
406,249,0.51800000000000002,SkyBlue
344,440,0.6,SkyBlue
98,440,0.69899999999999995,SkyBlue
346,440,0.82,SkyBlue
98,60,0.69899999999999995,SkyBlue
344,60,0.6,SkyBlue
346,60,0.79700000000000004,SkyBlue
440,60,0.79700000000000004,SkyBlue
168,436,0.59799999999999998,SkyBlue
34,436,0.69799999999999995,SkyBlue
256,436,0.58099999999999996,SkyBlue
296,436,0.54300000000000004,SkyBlue
406,216,0.52100000000000002,SkyBlue
249,216,0.51800000000000002,SkyBlue
459,216,0.52100000000000002,SkyBlue
216,119,0.52100000000000002,SkyBlue
86,119,0.63300000000000001,SkyBlue
459,119,0.65,SkyBlue
249,119,0.51800000000000002,SkyBlue
47,119,0.65,SkyBlue
416,119,0.65,SkyBlue
346,36,0.82,SkyBlue
187,36,0.621,SkyBlue
242,36,0.58699999999999997,SkyBlue
128,36,0.65800000000000003,SkyBlue
86,36,0.63300000000000001,SkyBlue
448,36,0.79,SkyBlue
119,36,0.65,SkyBlue
38,260,0.50700000000000001,Gray40
439,260,0.76100000000000001,SkyBlue
90,260,0.76100000000000001,SkyBlue
36,260,0.76100000000000001,SkyBlue
344,155,0.56000000000000005,SkyBlue
60,155,0.56000000000000005,SkyBlue
440,155,0.56000000000000005,SkyBlue
260,132,0.60899999999999999,SkyBlue
439,132,0.60899999999999999,SkyBlue
436,129,0.55500000000000005,SkyBlue
155,52,0.56000000000000005,SkyBlue
436,52,0.70299999999999996,SkyBlue
129,52,0.55500000000000005,SkyBlue
216,266,0.52100000000000002,SkyBlue
119,266,0.56999999999999995,SkyBlue
119,141,0.55400000000000005,SkyBlue
216,141,0.52100000000000002,SkyBlue
266,141,0.55400000000000005,SkyBlue
38,310,0.48,Gray40
13,310,0.48,Gray40
459,437,0.72,SkyBlue
216,437,0.52100000000000002,SkyBlue
34,437,0.69799999999999995,SkyBlue
296,437,0.54300000000000004,SkyBlue
459,316,0.42,SkyBlue
216,550,0.34499999999999997,SkyBlue
266,550,0.34499999999999997,SkyBlue
141,550,0.34499999999999997,SkyBlue
119,550,0.34499999999999997,SkyBlue
437,550,0.34499999999999997,SkyBlue
47,417,0.751,SkyBlue
550,417,0.34499999999999997,SkyBlue
382,417,0.48,SkyBlue
316,417,0.42,SkyBlue
216,417,0.52100000000000002,SkyBlue
242,417,0.58699999999999997,SkyBlue
141,417,0.55400000000000005,SkyBlue
119,417,0.65,SkyBlue
266,417,0.56999999999999995,SkyBlue
60,333,0.47799999999999998,SkyBlue
440,333,0.47799999999999998,SkyBlue
168,333,0.47799999999999998,SkyBlue
333,177,0.47799999999999998,SkyBlue
60,177,0.56899999999999995,SkyBlue
440,177,0.56899999999999995,SkyBlue
168,177,0.56899999999999995,SkyBlue
60,332,0.45200000000000001,SkyBlue
440,332,0.45200000000000001,SkyBlue
155,332,0.45200000000000001,SkyBlue
417,239,0.51400000000000001,SkyBlue
437,239,0.51400000000000001,SkyBlue
34,239,0.51400000000000001,SkyBlue
436,239,0.51400000000000001,SkyBlue
216,239,0.51400000000000001,SkyBlue
332,277,0.30099999999999999,Gray40
185,277,0.59099999999999997,Blue
310,277,0.59099999999999997,Blue
332,480,0.45200000000000001,SkyBlue
155,480,0.56000000000000005,SkyBlue
119,480,0.56499999999999995,SkyBlue
344,480,0.56499999999999995,SkyBlue
60,480,0.56499999999999995,SkyBlue
440,480,0.56499999999999995,SkyBlue
36,480,0.56499999999999995,SkyBlue
310,88,0.71899999999999997,Blue
179,88,0.91700000000000004,Blue
13,88,0.63200000000000001,Gray40
185,88,0.627,Blue
310,365,0.67100000000000004,Blue
277,365,0.59099999999999997,Blue
13,365,0.44700000000000001,Gray40
88,273,0.38100000000000001,Gray40
179,273,0.38100000000000001,Gray40
36,273,0.57199999999999995,SkyBlue
417,442,0.78200000000000003,SkyBlue
550,442,0.34499999999999997,SkyBlue
239,442,0.51400000000000001,SkyBlue
141,442,0.55400000000000005,SkyBlue
266,442,0.56999999999999995,SkyBlue
216,442,0.52100000000000002,SkyBlue
177,540,0.38,SkyBlue
333,540,0.38,SkyBlue
417,362,0.52400000000000002,SkyBlue
436,362,0.52400000000000002,SkyBlue
437,362,0.52400000000000002,SkyBlue
273,189,0.57199999999999995,SkyBlue
277,189,0.39400000000000002,Gray40
260,189,0.59599999999999997,SkyBlue
36,189,0.59599999999999997,SkyBlue
417,358,0.4,SkyBlue
177,421,0.56899999999999995,SkyBlue
540,421,0.38,SkyBlue
239,421,0.51400000000000001,SkyBlue
333,421,0.47799999999999998,SkyBlue
185,470,0.627,Blue
119,470,0.433,Gray40
189,470,0.39700000000000002,Gray40
310,470,0.71899999999999997,Blue
260,470,0.50700000000000001,Gray40
310,199,0.71899999999999997,Blue
470,199,0.74399999999999999,Blue
36,199,0.496,Gray40
273,199,0.38100000000000001,Gray40
239,335,0.40400000000000003,SkyBlue
316,287,0.42,SkyBlue
335,287,0.40400000000000003,SkyBlue
36,287,0.435,SkyBlue
189,287,0.435,SkyBlue
362,287,0.435,SkyBlue
310,269,0.46300000000000002,Blue
36,269,0.309,Gray40
470,269,0.46300000000000002,Blue
199,269,0.46300000000000002,Blue
335,342,0.372,SkyBlue
362,342,0.372,SkyBlue
287,342,0.372,SkyBlue
442,413,0.52100000000000002,Gray40
437,245,0.37,SkyBlue
342,245,0.37,SkyBlue
362,245,0.37,SkyBlue
287,245,0.37,SkyBlue
132,546,0.28699999999999998,Gray40
413,158,0.627,Mahogany
413,363,0.437,Mahogany
158,363,0.437,Mahogany
413,338,0.58199999999999996,Mahogany
363,338,0.437,Mahogany
158,338,0.58199999999999996,Mahogany
413,157,0.70099999999999996,Mahogany
158,157,0.627,Mahogany
338,157,0.58199999999999996,Mahogany
363,157,0.437,Mahogany
338,61,0.58199999999999996,Mahogany
157,61,0.68600000000000005,Mahogany
413,61,0.68600000000000005,Mahogany
363,61,0.437,Mahogany
158,61,0.627,Mahogany
529,364,0.36,Mahogany
61,364,0.39400000000000002,Mahogany
287,427,0.435,SkyBlue
362,427,0.52400000000000002,SkyBlue
342,427,0.372,SkyBlue
245,427,0.37,SkyBlue
335,427,0.40400000000000003,SkyBlue
437,427,0.69,SkyBlue
413,166,0.50800000000000001,Mahogany
363,166,0.437,Mahogany
61,166,0.50800000000000001,Mahogany
157,166,0.50800000000000001,Mahogany
338,166,0.50800000000000001,Mahogany
158,166,0.50800000000000001,Mahogany
427,374,0.36499999999999999,Gray40
342,374,0.248,Gray40
245,374,0.247,Gray40
335,374,0.26900000000000002,Gray40
442,374,0.36499999999999999,Gray40
417,72,0.41,Gray40
364,72,0.39400000000000002,Mahogany
338,149,0.50900000000000001,Mahogany
61,149,0.50900000000000001,Mahogany
413,149,0.50900000000000001,Mahogany
157,149,0.50900000000000001,Mahogany
166,149,0.50800000000000001,Mahogany
363,149,0.437,Mahogany
413,426,0.66300000000000003,Mahogany
158,426,0.627,Mahogany
157,426,0.66300000000000003,Mahogany
363,426,0.437,Mahogany
338,426,0.58199999999999996,Mahogany
166,426,0.50800000000000001,Mahogany
358,426,0.26700000000000002,Gray40
72,426,0.61499999999999999,Mahogany
149,426,0.50900000000000001,Mahogany
61,426,0.66300000000000003,Mahogany
493,97,0.497,Mahogany
275,97,0.47799999999999998,Mahogany
364,97,0.39400000000000002,Mahogany
149,97,0.50900000000000001,Mahogany
72,97,0.61499999999999999,Mahogany
374,97,0.54700000000000004,Mahogany
275,254,0.47799999999999998,Mahogany
426,254,0.56299999999999994,Mahogany
493,254,0.497,Mahogany
61,254,0.56299999999999994,Mahogany
552,254,0.312,Mahogany
72,254,0.56299999999999994,Mahogany
97,254,0.56299999999999994,Mahogany
61,293,0.51900000000000002,Mahogany
374,293,0.51900000000000002,Mahogany
493,293,0.497,Mahogany
97,293,0.51900000000000002,Mahogany
72,293,0.51900000000000002,Mahogany
254,293,0.51900000000000002,Mahogany
421,10,0.53800000000000003,Gray40
470,10,0.81699999999999995,Blue
546,10,0.43,Blue
480,10,0.376,Gray40
552,87,0.312,Mahogany
293,87,0.51900000000000002,Mahogany
72,87,0.61499999999999999,Mahogany
254,87,0.56299999999999994,Mahogany
364,87,0.39400000000000002,Mahogany
529,87,0.36,Mahogany
97,87,0.64100000000000001,Mahogany
338,78,0.50700000000000001,Mahogany
157,78,0.50700000000000001,Mahogany
363,78,0.437,Mahogany
413,78,0.50700000000000001,Mahogany
166,78,0.50700000000000001,Mahogany
426,78,0.50700000000000001,Mahogany
470,35,0.81699999999999995,Blue
269,35,0.46300000000000002,Blue
10,432,0.82799999999999996,Blue
287,307,0.435,SkyBlue
287,305,0.435,SkyBlue
307,305,0.45100000000000001,SkyBlue
166,468,0.50800000000000001,Mahogany
426,468,0.65800000000000003,Mahogany
307,227,0.51900000000000002,SkyBlue
149,227,0.33900000000000002,Gray40
427,227,0.59599999999999997,SkyBlue
374,227,0.36499999999999999,Gray40
260,161,0.48399999999999999,Gray40
35,161,0.72599999999999998,Blue
35,18,1.0620000000000001,Blue
365,18,0.67100000000000004,Blue
179,18,0.91700000000000004,Blue
310,18,0.71899999999999997,Blue
470,18,0.81699999999999995,Blue
269,18,0.46300000000000002,Blue
88,18,0.94799999999999995,Blue
199,18,0.74399999999999999,Blue
161,18,0.72599999999999998,Blue
18,500,0.76400000000000001,Blue
10,500,0.76400000000000001,Blue
35,500,0.76400000000000001,Blue
35,491,0.88,Blue
500,491,0.76400000000000001,Blue
18,491,0.88,Blue
10,491,0.88,Blue
374,120,0.33,Gray40
427,120,0.496,SkyBlue
227,120,0.496,SkyBlue
10,538,0.44400000000000001,Blue
18,538,0.44400000000000001,Blue
432,538,0.44400000000000001,Blue
35,538,0.44400000000000001,Blue
426,508,0.39300000000000002,Gray40
307,508,0.34599999999999997,Gray40
72,508,0.39300000000000002,Gray40
72,369,0.308,Gray40
508,369,0.46200000000000002,OliveGreen
245,172,0.37,SkyBlue
120,172,0.496,SkyBlue
374,172,0.36,Gray40
427,172,0.54,SkyBlue
227,172,0.54,SkyBlue
172,429,0.36,Gray40
120,429,0.33,Gray40
227,429,0.39700000000000002,Gray40
508,343,0.46300000000000002,OliveGreen
72,343,0.309,Gray40
343,30,0.46300000000000002,OliveGreen
72,30,0.41,Gray40
426,30,0.442,Gray40
369,30,0.46200000000000002,OliveGreen
508,30,0.58899999999999997,OliveGreen
120,520,0.29199999999999998,Gray40
227,520,0.29199999999999998,Gray40
426,206,0.29499999999999998,Gray40
18,326,0.40699999999999997,Blue
179,326,0.40699999999999997,Blue
88,326,0.40699999999999997,Blue
35,326,0.40699999999999997,Blue
500,415,0.76400000000000001,Blue
10,415,0.87,Blue
491,415,0.87,Blue
326,415,0.40699999999999997,Blue
35,415,0.87,Blue
538,415,0.44400000000000001,Blue
18,415,0.87,Blue
206,551,0.29099999999999998,OliveGreen
30,551,0.29099999999999998,OliveGreen
120,404,0.33,Gray40
87,404,0.48699999999999999,Gray40
293,404,0.34599999999999997,Gray40
369,404,0.46200000000000002,OliveGreen
227,404,0.39700000000000002,Gray40
97,404,0.42699999999999999,Gray40
254,404,0.375,Gray40
343,113,0.46300000000000002,OliveGreen
551,113,0.29099999999999998,OliveGreen
520,113,0.438,OliveGreen
30,113,0.58299999999999996,OliveGreen
227,113,0.38900000000000001,Gray40
404,113,0.58299999999999996,OliveGreen
206,113,0.443,OliveGreen
227,231,0.35299999999999998,Gray40
404,231,0.52900000000000003,OliveGreen
161,339,0.39500000000000002,Blue
18,339,0.39500000000000002,Blue
343,548,0.35899999999999999,OliveGreen
78,548,0.23899999999999999,Gray40
30,548,0.35899999999999999,OliveGreen
227,315,0.32900000000000001,Gray40
404,315,0.49399999999999999,OliveGreen
120,315,0.32900000000000001,Gray40
231,315,0.49399999999999999,OliveGreen
305,315,0.30099999999999999,Gray40
307,315,0.32900000000000001,Gray40
429,315,0.49399999999999999,OliveGreen
404,325,0.47399999999999998,OliveGreen
231,325,0.47399999999999998,OliveGreen
113,325,0.47399999999999998,OliveGreen
206,325,0.443,OliveGreen
551,325,0.29099999999999998,OliveGreen
520,325,0.438,OliveGreen
315,325,0.47399999999999998,OliveGreen
520,545,0.34599999999999997,OliveGreen
325,545,0.34599999999999997,OliveGreen
113,545,0.34599999999999997,OliveGreen
404,284,0.55900000000000005,OliveGreen
315,284,0.49399999999999999,OliveGreen
120,284,0.33,Gray40
172,284,0.36,Gray40
30,487,0.57099999999999995,OliveGreen
206,487,0.443,OliveGreen
343,487,0.46300000000000002,OliveGreen
520,357,0.435,OliveGreen
325,357,0.435,OliveGreen
113,357,0.435,OliveGreen
548,53,0.35899999999999999,OliveGreen
78,53,0.33800000000000002,Gray40
357,213,0.435,OliveGreen
325,213,0.47399999999999998,OliveGreen
545,213,0.34599999999999997,OliveGreen
404,213,0.58599999999999997,OliveGreen
551,213,0.29099999999999998,OliveGreen
343,213,0.46300000000000002,OliveGreen
520,213,0.438,OliveGreen
315,213,0.49399999999999999,OliveGreen
231,213,0.52900000000000003,OliveGreen
113,213,0.58299999999999996,OliveGreen
213,423,0.58599999999999997,OliveGreen
206,423,0.443,OliveGreen
113,423,0.58299999999999996,OliveGreen
343,423,0.46300000000000002,OliveGreen
545,423,0.34599999999999997,OliveGreen
548,423,0.35899999999999999,OliveGreen
30,423,0.72299999999999998,OliveGreen
357,423,0.435,OliveGreen
520,423,0.438,OliveGreen
325,423,0.47399999999999998,OliveGreen
545,461,0.34599999999999997,OliveGreen
423,461,0.59699999999999998,OliveGreen
213,461,0.58599999999999997,OliveGreen
343,461,0.46300000000000002,OliveGreen
325,461,0.47399999999999998,OliveGreen
30,461,0.59699999999999998,OliveGreen
113,461,0.58299999999999996,OliveGreen
357,461,0.435,OliveGreen
461,321,0.56599999999999995,OliveGreen
468,321,0.377,Gray40
423,321,0.56599999999999995,OliveGreen
113,524,0.47299999999999998,OliveGreen
487,524,0.47299999999999998,OliveGreen
461,524,0.47299999999999998,OliveGreen
423,524,0.47299999999999998,OliveGreen
30,524,0.47299999999999998,OliveGreen
321,524,0.47299999999999998,OliveGreen
357,524,0.435,OliveGreen
213,524,0.47299999999999998,OliveGreen
325,419,0.47399999999999998,OliveGreen
206,419,0.443,OliveGreen
30,419,0.72299999999999998,OliveGreen
369,419,0.46200000000000002,OliveGreen
231,419,0.52900000000000003,OliveGreen
404,419,0.752,OliveGreen
161,195,0.51900000000000002,Blue
339,195,0.39500000000000002,Blue
284,196,0.55000000000000004,OliveGreen
419,196,0.55000000000000004,OliveGreen
404,196,0.55000000000000004,OliveGreen
196,294,0.55000000000000004,OliveGreen
419,294,0.58899999999999997,OliveGreen
284,294,0.55900000000000005,OliveGreen
404,294,0.58899999999999997,OliveGreen
508,109,0.54100000000000004,OliveGreen
305,109,0.30099999999999999,Gray40
307,109,0.34599999999999997,Gray40
213,544,0.441,OliveGreen
423,544,0.441,OliveGreen
18,514,0.57599999999999996,Blue
10,514,0.57599999999999996,Blue
294,514,0.38400000000000001,Gray40
109,180,0.54100000000000004,OliveGreen
544,180,0.441,OliveGreen
524,180,0.47299999999999998,OliveGreen
548,180,0.35899999999999999,OliveGreen
423,180,0.64200000000000002,OliveGreen
461,180,0.59699999999999998,OliveGreen
161,75,0.72599999999999998,Blue
339,75,0.39500000000000002,Blue
18,75,0.81100000000000005,Blue
195,75,0.51900000000000002,Blue
487,528,0.47399999999999998,OliveGreen
109,217,0.54100000000000004,OliveGreen
423,217,0.60399999999999998,OliveGreen
528,217,0.47399999999999998,OliveGreen
548,217,0.35899999999999999,OliveGreen
487,217,0.57099999999999995,OliveGreen
180,217,0.60399999999999998,OliveGreen
196,345,0.52200000000000002,OliveGreen
294,345,0.52200000000000002,OliveGreen
423,345,0.52200000000000002,OliveGreen
461,401,0.48799999999999999,OliveGreen
524,401,0.47299999999999998,OliveGreen
423,401,0.48799999999999999,OliveGreen
544,401,0.441,OliveGreen
213,401,0.48799999999999999,OliveGreen
180,401,0.48799999999999999,OliveGreen
321,401,0.48799999999999999,OliveGreen
357,401,0.435,OliveGreen
213,323,0.49099999999999999,OliveGreen
53,323,0.49099999999999999,OliveGreen
415,389,0.56699999999999995,Blue
161,389,0.56699999999999995,Blue
75,389,0.56699999999999995,Blue
419,373,0.52500000000000002,OliveGreen
284,373,0.52500000000000002,OliveGreen
404,373,0.52500000000000002,OliveGreen
294,373,0.52500000000000002,OliveGreen
18,255,0.53200000000000003,Blue
321,218,0.52,OliveGreen
345,218,0.52,OliveGreen
419,218,0.52,OliveGreen
524,218,0.47299999999999998,OliveGreen
423,218,0.52,OliveGreen
461,218,0.52,OliveGreen
373,131,0.52500000000000002,OliveGreen
323,131,0.49099999999999999,OliveGreen
404,372,0.46600000000000003,OliveGreen
345,372,0.46600000000000003,OliveGreen
373,372,0.46600000000000003,OliveGreen
294,372,0.46600000000000003,OliveGreen
218,372,0.46600000000000003,OliveGreen
514,361,0.38400000000000001,Gray40
315,361,0.32900000000000001,Gray40
373,21,0.52500000000000002,OliveGreen
131,21,0.57099999999999995,OliveGreen
315,21,0.49399999999999999,OliveGreen
196,21,0.55000000000000004,OliveGreen
372,21,0.46600000000000003,OliveGreen
514,21,0.38400000000000001,Gray40
284,21,0.55900000000000005,OliveGreen
404,21,0.83799999999999997,OliveGreen
345,21,0.52200000000000002,OliveGreen
294,21,0.58899999999999997,OliveGreen
514,456,0.38400000000000001,Gray40
172,456,0.36,Gray40
131,454,0.57099999999999995,OliveGreen
180,454,0.64200000000000002,OliveGreen
323,454,0.49099999999999999,OliveGreen
53,454,0.58799999999999997,OliveGreen
213,454,0.58599999999999997,OliveGreen
373,454,0.52500000000000002,OliveGreen
18,115,0.76100000000000001,Blue
255,115,0.53200000000000003,Blue
75,115,0.76100000000000001,Blue
514,163,0.38400000000000001,Gray40
456,163,0.58699999999999997,Emerald
361,163,0.58699999999999997,Emerald
195,509,0.51900000000000002,Blue
75,509,0.52700000000000002,Blue
217,107,0.40300000000000002,Gray40
456,107,0.48599999999999999,Gray40
456,341,0.32700000000000001,Gray40
107,341,0.49,BrickRed
107,503,0.60799999999999998,BrickRed
341,503,0.49,BrickRed
401,503,0.32500000000000001,Gray40
373,449,0.35,Gray40
419,449,0.47699999999999998,Gray40
372,449,0.311,Gray40
163,449,0.58699999999999997,Emerald
361,449,0.60599999999999998,Emerald
21,449,0.47699999999999998,Gray40
326,54,0.40699999999999997,Blue
415,54,0.81399999999999995,Blue
18,54,0.81399999999999995,Blue
115,54,0.76100000000000001,Blue
361,515,0.50600000000000001,Emerald
449,515,0.50600000000000001,Emerald
163,515,0.50600000000000001,Emerald
255,257,0.53200000000000003,Blue
115,257,0.57199999999999995,Blue
456,49,0.47099999999999997,Gray40
107,49,0.47099999999999997,Gray40
163,49,0.39100000000000001,Gray40
115,49,0.70599999999999996,Blue
255,49,0.53200000000000003,Blue
341,49,0.32700000000000001,Gray40
514,49,0.57599999999999996,Blue
257,49,0.57199999999999995,Blue
361,49,0.40400000000000003,Gray40
75,233,0.309,Gray40
146,233,0.46300000000000002,Emerald
389,233,0.309,Gray40
54,233,0.309,Gray40
21,233,0.309,Gray40
18,37,0.72899999999999998,Blue
115,37,0.72899999999999998,Blue
54,37,0.72899999999999998,Blue
326,37,0.40699999999999997,Blue
509,117,0.35099999999999998,Gray40
456,117,0.59399999999999997,Emerald
49,117,0.39600000000000002,Gray40
361,117,0.59399999999999997,Emerald
163,117,0.58699999999999997,Emerald
515,117,0.50600000000000001,Emerald
449,117,0.59399999999999997,Emerald
107,202,0.63700000000000001,BrickRed
503,202,0.60799999999999998,BrickRed
21,274,0.32600000000000001,Gray40
361,274,0.48899999999999999,Emerald
233,274,0.46300000000000002,Emerald
515,274,0.48899999999999999,Emerald
146,274,0.48899999999999999,Emerald
454,340,0.53500000000000003,OliveGreen
503,304,0.55700000000000005,BrickRed
202,304,0.55700000000000005,BrickRed
107,304,0.55700000000000005,BrickRed
117,304,0.371,Gray40
218,264,0.52,OliveGreen
454,264,0.52100000000000002,OliveGreen
340,264,0.52100000000000002,OliveGreen
107,133,0.73299999999999998,BrickRed
202,133,0.63700000000000001,BrickRed
117,133,0.39600000000000002,Gray40
304,133,0.55700000000000005,BrickRed
503,133,0.60799999999999998,BrickRed
264,133,0.34799999999999998,Gray40
21,441,0.55900000000000005,Gray40
54,441,0.54300000000000004,Gray40
361,29,0.40400000000000003,Gray40
449,29,0.47699999999999998,Gray40
372,29,0.311,Gray40
163,29,0.39100000000000001,Gray40
274,29,0.32600000000000001,Gray40
515,29,0.33700000000000002,Gray40
514,29,0.38400000000000001,Gray40
233,29,0.309,Gray40
304,29,0.55700000000000005,BrickRed
117,29,0.39600000000000002,Gray40
21,29,0.55900000000000005,Gray40
372,127,0.311,Gray40
146,127,0.54100000000000004,Emerald
274,127,0.48899999999999999,Emerald
218,127,0.34699999999999998,Gray40
29,127,0.53900000000000003,Gray40
233,127,0.46300000000000002,Emerald
449,127,0.71599999999999997,Emerald
264,127,0.34799999999999998,Gray40
54,4,0.54300000000000004,Gray40
37,4,0.48599999999999999,Gray40
441,4,0.93799999999999994,BrickRed
326,4,0.27100000000000002,Gray40
233,4,0.309,Gray40
515,4,0.33700000000000002,Gray40
389,4,0.378,Gray40
29,4,0.877,BrickRed
274,4,0.32600000000000001,Gray40
449,4,0.47699999999999998,Gray40
21,4,0.55900000000000005,Gray40
115,4,0.50700000000000001,Gray40
127,4,0.53900000000000003,Gray40
340,116,0.35599999999999998,Gray40
264,116,0.34799999999999998,Gray40
454,116,0.45100000000000001,Gray40
503,499,0.60799999999999998,BrickRed
202,499,0.63700000000000001,BrickRed
304,499,0.55700000000000005,BrickRed
133,499,0.66,BrickRed
117,84,0.39600000000000002,Gray40
449,84,0.46800000000000003,Gray40
21,523,0.41099999999999998,Gray40
4,523,0.61599999999999999,BrickRed
127,523,0.41099999999999998,Gray40
116,352,0.47199999999999998,BrickRed
4,48,0.93400000000000005,BrickRed
523,48,0.61599999999999999,BrickRed
127,48,0.53900000000000003,Gray40
233,48,0.309,Gray40
441,48,0.93400000000000005,BrickRed
21,48,0.55900000000000005,Gray40
84,554,0.27200000000000002,BrickRed
84,443,0.70199999999999996,BrickRed
116,20,0.67600000000000005,BrickRed
523,20,0.61599999999999999,BrickRed
133,20,0.73299999999999998,BrickRed
304,20,0.55700000000000005,BrickRed
4,20,0.86099999999999999,BrickRed
29,20,0.86099999999999999,BrickRed
48,20,0.86099999999999999,BrickRed
54,402,0.54300000000000004,Gray40
37,402,0.48599999999999999,Gray40
115,402,0.50700000000000001,Gray40
257,402,0.38100000000000001,Gray40
554,55,0.27200000000000002,BrickRed
84,55,0.70199999999999996,BrickRed
443,55,0.75700000000000001,BrickRed
20,55,0.77200000000000002,BrickRed
116,55,0.67600000000000005,BrickRed
29,55,0.77200000000000002,BrickRed
117,55,0.39600000000000002,Gray40
449,55,0.47699999999999998,Gray40
127,320,0.34100000000000003,Gray40
48,320,0.51200000000000001,BrickRed
29,320,0.51200000000000001,BrickRed
4,320,0.51200000000000001,BrickRed
4,9,1.0149999999999999,BrickRed
523,9,0.61599999999999999,BrickRed
54,9,0.54300000000000004,Gray40
20,9,0.86099999999999999,BrickRed
48,9,0.93400000000000005,BrickRed
264,9,0.34799999999999998,Gray40
29,9,0.877,BrickRed
20,387,0.59499999999999997,BrickRed
9,387,0.59499999999999997,BrickRed
55,387,0.59499999999999997,BrickRed
29,387,0.59499999999999997,BrickRed
116,387,0.59499999999999997,BrickRed
402,33,0.47499999999999998,Gray40
109,33,0.36099999999999999,Gray40
320,33,0.34100000000000003,Gray40
509,33,0.35099999999999998,Gray40
402,42,0.71899999999999997,Peach
456,42,0.48,Gray40
49,42,0.47099999999999997,Gray40
352,91,0.314,Gray40
9,91,0.41899999999999998,Gray40
443,91,0.41899999999999998,Gray40
55,91,0.41899999999999998,Gray40
84,91,0.41899999999999998,Gray40
499,135,0.44,Gray40
33,17,0.47499999999999998,Gray40
84,190,0.46300000000000002,Gray40
55,190,0.46300000000000002,Gray40
554,190,0.182,Gray40
91,190,0.628,Red
116,190,0.45100000000000001,Gray40
387,190,0.39600000000000002,Gray40
443,190,0.46300000000000002,Gray40
29,190,0.46300000000000002,Gray40
9,1,0.67700000000000005,Gray40
320,1,0.34100000000000003,Gray40
54,1,0.54300000000000004,Gray40
48,1,0.623,Gray40
441,1,0.626,Gray40
233,1,0.309,Gray40
127,1,0.53900000000000003,Gray40
4,1,0.755,Gray40
523,1,0.41099999999999998,Gray40
29,1,0.58499999999999996,Gray40
33,1,0.71199999999999997,Red
274,1,0.32600000000000001,Gray40
20,1,0.57399999999999995,Gray40
20,297,0.38700000000000001,Gray40
9,297,0.38700000000000001,Gray40
20,394,0.58699999999999997,BrickRed
1,394,0.39100000000000001,Gray40
387,394,0.58699999999999997,BrickRed
9,394,0.58699999999999997,BrickRed
320,424,0.51200000000000001,BrickRed
297,424,0.38700000000000001,Gray40
394,424,0.58699999999999997,BrickRed
127,424,0.53900000000000003,Gray40
9,424,0.91700000000000004,BrickRed
20,424,0.86099999999999999,BrickRed
1,424,0.61099999999999999,Gray40
499,45,0.44,Gray40
135,45,0.66700000000000004,Red
394,19,0.39100000000000001,Gray40
48,19,0.623,Gray40
1,19,1.0640000000000001,Red
9,19,0.67700000000000005,Gray40
424,19,0.61099999999999999,Gray40
20,19,0.57399999999999995,Gray40
297,19,0.57999999999999996,Red
190,303,0.49,Red
55,303,0.32700000000000001,Gray40
45,262,0.64300000000000002,Red
1,262,0.64300000000000002,Red
33,262,0.64300000000000002,Red
135,262,0.64300000000000002,Red
20,349,0.52700000000000002,Gray40
190,349,0.69499999999999995,Red
262,82,0.64300000000000002,Red
135,82,0.66700000000000004,Red
135,490,0.53600000000000003,Red
45,490,0.53600000000000003,Red
42,83,0.42099999999999999,Gray40
49,83,0.42099999999999999,Gray40
45,50,0.71699999999999997,Red
135,50,0.66700000000000004,Red
490,50,0.53600000000000003,Red
48,366,0.56499999999999995,Gray40
37,460,0.48599999999999999,Gray40
9,460,0.49399999999999999,Gray40
48,460,0.49399999999999999,Gray40
1,460,0.74,Red
45,530,0.49299999999999999,Red
42,530,0.32900000000000001,Gray40
262,530,0.49299999999999999,Red
82,530,0.49299999999999999,Red
83,530,0.49299999999999999,Red
523,31,0.41099999999999998,Gray40
424,31,0.54200000000000004,Gray40
1,31,0.81299999999999994,Red
262,31,0.64300000000000002,Red
48,31,0.54200000000000004,Gray40
4,31,0.54200000000000004,Gray40
320,31,0.34100000000000003,Gray40
1,506,0.56000000000000005,Red
9,506,0.373,Gray40
303,506,0.49,Red
530,39,0.49299999999999999,Red
82,39,0.72,Red
530,76,0.49299999999999999,Red
50,76,0.76900000000000002,Red
83,76,0.63100000000000001,Red
190,76,0.69499999999999995,Red
506,76,0.56000000000000005,Red
387,76,0.39600000000000002,Gray40
19,130,0.80500000000000005,Red
1,130,0.80500000000000005,Red
460,130,0.74,Red
424,130,0.53700000000000003,Gray40
45,471,0.70899999999999996,Red
1,471,0.70899999999999996,Red
490,471,0.53600000000000003,Red
50,471,0.70899999999999996,Red
130,471,0.70899999999999996,Red
490,534,0.53600000000000003,Red
50,534,0.69,Red
76,534,0.69,Red
45,534,0.69,Red
17,311,0.66600000000000004,Peach
402,311,0.66600000000000004,Peach
42,311,0.66600000000000004,Peach
490,311,0.35699999999999998,Gray40
83,311,0.42099999999999999,Gray40
262,238,0.64300000000000002,Red
530,238,0.49299999999999999,Red
39,238,0.72,Red
82,238,0.72199999999999998,Red
190,24,0.69499999999999995,Red
460,24,0.74,Red
394,16,0.39100000000000001,Gray40
9,16,0.60899999999999999,Gray40
303,16,0.49,Red
19,16,0.91300000000000003,Red
460,16,0.74,Red
19,241,0.64300000000000002,Red
387,22,0.39600000000000002,Gray40
460,22,0.74,Red
9,22,0.50800000000000001,Gray40
303,22,0.49,Red
506,22,0.56000000000000005,Red
55,148,0.41699999999999998,Gray40
39,148,0.625,Red
50,251,0.56100000000000005,Red
76,251,0.56100000000000005,Red
45,251,0.56100000000000005,Red
534,251,0.56100000000000005,Red
490,251,0.53600000000000003,Red
471,251,0.56100000000000005,Red
190,51,0.69499999999999995,Red
76,51,0.76900000000000002,Red
506,51,0.56000000000000005,Red
303,51,0.49,Red
22,51,0.76300000000000001,Red
241,300,0.60899999999999999,Red
1,300,0.60899999999999999,Red
349,32,0.79100000000000004,Red
32,384,0.84699999999999998,Red
349,384,0.79100000000000004,Red
384,309,0.62,Red
349,309,0.62,Red
32,309,0.62,Red
471,8,0.70899999999999996,Red
130,8,0.80500000000000005,Red
1,8,0.94399999999999995,Red
8,101,0.80300000000000005,Red
424,101,0.53600000000000003,Gray40
19,12,0.98699999999999999,Red
130,12,0.80500000000000005,Red
460,12,0.74,Red
471,12,0.70899999999999996,Red
394,12,0.39100000000000001,Gray40
8,12,0.94399999999999995,Red
1,12,0.98699999999999999,Red
31,204,0.59299999999999997,Red
530,204,0.49299999999999999,Red
424,204,0.39600000000000002,Gray40
534,204,0.59299999999999997,Red
45,204,0.59299999999999997,Red
251,204,0.56100000000000005,Red
76,204,0.59299999999999997,Red
50,204,0.59299999999999997,Red
241,205,0.60099999999999998,Red
148,205,0.60099999999999998,Red
297,205,0.57999999999999996,Red
300,205,0.60099999999999998,Red
19,205,0.60099999999999998,Red
16,205,0.60099999999999998,Red
16,422,0.91300000000000003,Red
205,422,0.60099999999999998,Red
148,422,0.625,Red
190,422,0.69499999999999995,Red
55,422,0.51500000000000001,Gray40
45,422,0.71699999999999997,Red
490,422,0.53600000000000003,Red
91,422,0.628,Red
12,422,0.98699999999999999,Red
50,422,0.85899999999999999,Red
460,549,0.31,Gray40
24,549,0.31,Gray40
127,81,0.53900000000000003,Gray40
204,81,0.59299999999999997,Red
320,81,0.34100000000000003,Gray40
31,81,0.81299999999999994,Red
424,81,0.57599999999999996,Gray40
1,81,0.86399999999999999,Red
12,512,0.61399999999999999,Red
1,512,0.61399999999999999,Red
512,399,0.54300000000000004,Red
12,399,0.54300000000000004,Red
471,399,0.54300000000000004,Red
1,399,0.54300000000000004,Red
130,399,0.54300000000000004,Red
82,285,0.7,Red
16,285,0.7,Red
530,285,0.49299999999999999,Red
262,285,0.64300000000000002,Red
366,539,0.32200000000000001,Gray40
506,77,0.56000000000000005,Red
300,77,0.60899999999999999,Red
205,77,0.60099999999999998,Red
366,41,0.81699999999999995,Red
539,41,0.32200000000000001,Gray40
460,41,0.74,Red
8,525,0.45900000000000002,Red
8,25,0.874,Red
101,25,0.80300000000000005,Red
422,25,0.874,Red
16,319,0.81200000000000006,Red
32,167,0.64200000000000002,Red
309,167,0.62,Red
384,167,0.64200000000000002,Red
76,405,0.76900000000000002,Red
130,405,0.80500000000000005,Red
101,405,0.80300000000000005,Red
319,405,0.81200000000000006,Red
251,405,0.56100000000000005,Red
12,405,0.98699999999999999,Red
399,405,0.54300000000000004,Red
8,405,0.94399999999999995,Red
42,405,0.48,Gray40
167,405,0.64200000000000002,Red
422,258,0.621,Red
51,258,0.621,Red
77,258,0.621,Red
83,347,0.34300000000000003,Gray40
39,347,0.34300000000000003,Gray40
405,347,0.34300000000000003,Gray40
530,347,0.32900000000000001,Gray40
42,347,0.51500000000000001,Peach
4,26,0.61199999999999999,Gray40
9,26,0.61199999999999999,Gray40
1,26,0.91900000000000004,Red
33,26,0.71199999999999997,Red
258,80,0.41399999999999998,Gray40
422,80,0.54200000000000004,Gray40
300,80,0.40600000000000003,Gray40
77,80,0.53200000000000003,Gray40
167,89,0.64200000000000002,Red
405,89,0.755,Red
399,89,0.54300000000000004,Red
12,89,0.755,Red
51,114,0.82799999999999996,Red
89,114,0.755,Red
77,114,0.79800000000000004,Red
258,114,0.621,Red
402,106,0.59499999999999997,Peach
422,106,0.39700000000000002,Gray40
101,504,0.41099999999999998,Gray40
25,504,0.41099999999999998,Gray40
258,479,0.621,Red
80,479,0.46300000000000002,Gray40
77,479,0.69499999999999995,Red
205,479,0.60099999999999998,Red
114,479,0.69499999999999995,Red
311,531,0.51600000000000001,Peach
83,531,0.34399999999999997,Gray40
405,139,0.72199999999999998,Red
479,139,0.69499999999999995,Red
504,139,0.41099999999999998,Gray40
89,139,0.72199999999999998,Red
506,139,0.56000000000000005,Red
512,139,0.61399999999999999,Red
51,139,0.72199999999999998,Red
24,203,0.38400000000000001,Gray40
80,2,0.54200000000000004,Gray40
25,2,0.874,Red
205,2,0.60099999999999998,Red
148,2,0.625,Red
300,2,0.60899999999999999,Red
422,2,1.0029999999999999,Red
101,2,0.80300000000000005,Red
479,2,0.69499999999999995,Red
114,2,0.82799999999999996,Red
139,2,0.72199999999999998,Red
347,2,0.34300000000000003,Gray40
241,2,0.64300000000000002,Red
16,2,0.91300000000000003,Red
77,2,0.79800000000000004,Red
258,2,0.621,Red
8,252,0.622,Red
12,252,0.622,Red
319,252,0.622,Red
405,252,0.622,Red
41,68,0.52600000000000002,Gray40
549,68,0.46500000000000002,Peach
366,68,0.52600000000000002,Gray40
460,68,0.49399999999999999,Gray40
24,68,0.52600000000000002,Gray40
16,68,0.52600000000000002,Gray40
539,68,0.48299999999999998,Peach
203,192,0.54800000000000004,Peach
204,192,0.36499999999999999,Gray40
89,7,0.755,Red
504,7,0.41099999999999998,Gray40
479,7,0.69499999999999995,Red
534,7,0.69,Red
51,7,0.83,Red
139,7,0.72199999999999998,Red
76,7,0.76900000000000002,Red
512,7,0.61399999999999999,Red
2,7,0.94899999999999995,Red
405,7,0.94899999999999995,Red
12,286,0.61399999999999999,Red
471,286,0.61399999999999999,Red
399,286,0.54300000000000004,Red
512,286,0.61399999999999999,Red
252,286,0.61399999999999999,Red
8,286,0.61399999999999999,Red
258,278,0.41399999999999998,Gray40
238,278,0.442,Gray40
77,278,0.442,Gray40
2,59,0.69499999999999995,Red
167,59,0.64200000000000002,Red
405,59,0.69499999999999995,Red
89,59,0.69499999999999995,Red
205,59,0.60099999999999998,Red
479,59,0.69499999999999995,Red
114,59,0.69499999999999995,Red
549,194,0.46500000000000002,Peach
192,194,0.54800000000000004,Peach
203,194,0.57599999999999996,Peach
194,165,0.68100000000000005,Peach
285,165,0.45400000000000001,Gray40
504,165,0.61699999999999999,Peach
203,165,0.57599999999999996,Peach
286,184,0.61399999999999999,Red
399,184,0.54300000000000004,Red
12,184,0.73399999999999999,Red
252,537,0.52600000000000002,Red
405,537,0.52600000000000002,Red
167,537,0.52600000000000002,Red
59,537,0.52600000000000002,Red
319,537,0.52600000000000002,Red
114,537,0.52600000000000002,Red
89,537,0.52600000000000002,Red
311,197,0.57499999999999996,Peach
422,85,0.59699999999999998,Gray40
106,85,0.59499999999999997,Peach
2,85,0.59699999999999998,Gray40
460,210,0.46300000000000002,Gray40
539,210,0.48299999999999998,Peach
194,191,0.56299999999999994,Peach
192,191,0.54800000000000004,Peach
165,191,0.56299999999999994,Peach
203,191,0.56299999999999994,Peach
184,378,0.55400000000000005,Red
12,378,0.55400000000000005,Red
286,378,0.55400000000000005,Red
2,140,0.36799999999999999,Gray40
422,140,0.36799999999999999,Gray40
114,28,0.55200000000000005,Gray40
59,28,0.46400000000000002,Gray40
378,28,0.36899999999999999,Gray40
399,28,0.36199999999999999,Gray40
184,28,0.48899999999999999,Gray40
251,28,0.374,Gray40
286,28,0.40899999999999997,Gray40
405,28,0.57899999999999996,Gray40
422,473,0.40500000000000003,Gray40
205,473,0.40100000000000002,Gray40
531,473,0.51600000000000001,Peach
2,473,0.40500000000000003,Gray40
7,110,0.49099999999999999,Gray40
41,110,0.49099999999999999,Gray40
286,110,0.40899999999999997,Gray40
22,110,0.49099999999999999,Gray40
194,457,0.76700000000000002,Peach
210,457,0.69399999999999995,Peach
203,457,0.57599999999999996,Peach
191,457,0.56299999999999994,Peach
192,457,0.54800000000000004,Peach
165,457,0.68100000000000005,Peach
110,457,0.49099999999999999,Gray40
378,200,0.55400000000000005,Red
286,200,0.61399999999999999,Red
184,200,0.65300000000000002,Red
457,478,0.71499999999999997,Peach
210,478,0.69399999999999995,Peach
7,478,0.47699999999999998,Gray40
252,478,0.41499999999999998,Gray40
22,478,0.47699999999999998,Gray40
110,478,0.47699999999999998,Gray40
165,178,0.57499999999999996,Peach
285,178,0.38300000000000001,Gray40
203,162,0.57599999999999996,Peach
194,162,0.58199999999999996,Peach
192,162,0.54800000000000004,Peach
457,162,0.58199999999999996,Peach
191,162,0.56299999999999994,Peach
28,224,0.40799999999999997,Gray40
7,224,0.40799999999999997,Gray40
285,224,0.40799999999999997,Gray40
178,224,0.57499999999999996,Peach
28,62,0.52700000000000002,Gray40
224,62,0.61199999999999999,Peach
210,62,0.69399999999999995,Peach
178,62,0.57499999999999996,Peach
457,62,0.78300000000000003,Peach
165,62,0.68100000000000005,Peach
59,452,0.46400000000000002,Gray40
2,452,0.56299999999999994,Gray40
184,452,0.48899999999999999,Gray40
28,452,0.84399999999999997,Dandelion
378,452,0.36899999999999999,Gray40
224,452,0.40799999999999997,Gray40
85,451,0.89600000000000002,Peach
2,451,0.65800000000000003,Gray40
148,451,0.41699999999999998,Gray40
473,451,0.60799999999999998,Peach
422,451,0.65800000000000003,Gray40
80,451,0.81299999999999994,Peach
224,243,0.52900000000000003,Peach
178,243,0.52900000000000003,Peach
28,243,0.35299999999999998,Gray40
62,243,0.52900000000000003,Peach
210,243,0.52900000000000003,Peach
81,6,0.57599999999999996,Gray40
4,6,0.755,Gray40
1,6,0.77200000000000002,Gray40
33,6,0.47499999999999998,Gray40
26,6,0.61199999999999999,Gray40
31,6,0.54200000000000004,Gray40
62,505,0.50900000000000001,Peach
243,505,0.50900000000000001,Peach
224,505,0.50900000000000001,Peach
178,505,0.50900000000000001,Peach
278,505,0.50900000000000001,Peach
140,313,0.495,Peach
6,313,0.33,Gray40
505,313,0.495,Peach
7,313,0.33,Gray40
224,313,0.495,Peach
451,292,0.47699999999999998,Peach
7,292,0.318,Gray40
473,292,0.47699999999999998,Peach
313,292,0.47699999999999998,Peach
110,44,0.73699999999999999,Dandelion
478,44,0.47699999999999998,Gray40
224,44,0.40799999999999997,Gray40
452,44,0.80900000000000005,Dandelion
28,44,0.80900000000000005,Dandelion
59,44,0.46400000000000002,Gray40
286,44,0.40899999999999997,Gray40
139,466,0.48099999999999998,Gray40
7,466,0.505,Gray40
405,466,0.505,Gray40
451,466,0.75800000000000001,Peach
224,414,0.61199999999999999,Peach
62,414,0.79100000000000004,Peach
210,414,0.69399999999999995,Peach
243,414,0.52900000000000003,Peach
537,414,0.35,Gray40
466,414,0.75800000000000001,Peach
457,414,0.78300000000000003,Peach
505,414,0.50900000000000001,Peach
178,414,0.57499999999999996,Peach
347,73,0.51500000000000001,Peach
178,73,0.57499999999999996,Peach
278,73,0.66300000000000003,Peach
505,73,0.50900000000000001,Peach
6,510,0.39700000000000002,Dandelion
478,510,0.26400000000000001,Gray40
110,510,0.39700000000000002,Dandelion
106,453,0.59499999999999997,Peach
453,475,0.73299999999999998,Peach
106,475,0.59499999999999997,Peach
85,475,0.753,Peach
451,475,0.753,Peach
531,469,0.51600000000000001,Peach
197,469,0.57499999999999996,Peach
311,469,0.66600000000000004,Peach
83,469,0.42099999999999999,Gray40
347,469,0.51500000000000001,Peach
475,272,0.51200000000000001,Peach
469,272,0.51200000000000001,Peach
473,272,0.51200000000000001,Peach
451,272,0.51200000000000001,Peach
81,445,0.57599999999999996,Gray40
6,445,0.873,Dandelion
44,445,0.80900000000000005,Dandelion
452,445,0.84399999999999997,Dandelion
204,445,0.39600000000000002,Gray40
313,485,0.33,Gray40
422,485,0.42,Gray40
445,485,0.63100000000000001,Dandelion
452,485,0.63100000000000001,Dandelion
44,485,0.63100000000000001,Dandelion
2,485,0.42,Gray40
451,494,0.59399999999999997,Peach
475,494,0.59399999999999997,Peach
453,494,0.59399999999999997,Peach
475,151,0.51,Peach
451,151,0.51,Peach
6,215,0.77800000000000002,Dandelion
445,215,0.77800000000000002,Dandelion
510,215,0.39700000000000002,Dandelion
26,215,0.51900000000000002,Gray40
313,215,0.33,Gray40
31,215,0.51900000000000002,Gray40
475,301,0.40699999999999997,Peach
151,301,0.40699999999999997,Peach
451,301,0.40699999999999997,Peach
473,236,0.52700000000000002,Peach
272,236,0.51200000000000001,Peach
451,236,0.52700000000000002,Peach
469,236,0.52700000000000002,Peach
469,397,0.58199999999999996,Peach
451,397,0.58199999999999996,Peach
475,397,0.58199999999999996,Peach
236,397,0.52700000000000002,Peach
478,226,0.45800000000000002,Peach
110,226,0.30499999999999999,Gray40
215,226,0.30499999999999999,Gray40
510,226,0.26400000000000001,Gray40
272,15,0.51200000000000001,Peach
301,15,0.40699999999999997,Peach
494,15,0.59399999999999997,Peach
453,15,0.73299999999999998,Peach
162,15,0.58199999999999996,Peach
475,15,0.753,Peach
451,15,0.77500000000000002,Peach
397,15,0.58199999999999996,Peach
151,15,0.51,Peach
494,100,0.58799999999999997,Peach
272,100,0.51200000000000001,Peach
15,100,0.58799999999999997,Peach
151,100,0.51,Peach
475,100,0.58799999999999997,Peach
453,100,0.58799999999999997,Peach
301,100,0.40699999999999997,Peach
301,282,0.40699999999999997,Peach
272,282,0.49,Peach
475,282,0.49,Peach
100,282,0.49,Peach
397,282,0.49,Peach
453,282,0.49,Peach
494,282,0.49,Peach
15,282,0.49,Peach
73,542,0.50800000000000001,Peach
494,93,0.56299999999999994,Peach
282,93,0.49,Peach
100,93,0.56299999999999994,Peach
15,93,0.56299999999999994,Peach
475,93,0.56299999999999994,Peach
272,93,0.51200000000000001,Peach
236,93,0.52700000000000002,Peach
453,93,0.56299999999999994,Peach
282,447,0.49,Peach
397,447,0.58199999999999996,Peach
15,447,0.73399999999999999,Peach
301,447,0.40699999999999997,Peach
292,447,0.47699999999999998,Peach
475,447,0.73399999999999999,Peach
466,447,0.73399999999999999,Peach
100,447,0.58799999999999997,Peach
26,533,0.31900000000000001,Gray40
215,533,0.47899999999999998,Dandelion
33,533,0.31900000000000001,Gray40
445,533,0.47899999999999998,Dandelion
6,533,0.47899999999999998,Dandelion
475,298,0.48599999999999999,Peach
100,298,0.48599999999999999,Peach
447,298,0.48599999999999999,Peach
15,298,0.48599999999999999,Peach
215,63,0.77800000000000002,Dandelion
485,63,0.63100000000000001,Dandelion
81,63,0.57599999999999996,Gray40
445,63,0.871,Dandelion
44,63,0.80900000000000005,Dandelion
6,63,0.871,Dandelion
73,350,0.34899999999999998,Gray40
485,324,0.61799999999999999,Dandelion
44,324,0.61799999999999999,Dandelion
215,324,0.61799999999999999,Dandelion
445,324,0.61799999999999999,Dandelion
63,324,0.61799999999999999,Dandelion
485,532,0.52800000000000002,Dandelion
445,532,0.52800000000000002,Dandelion
6,532,0.52800000000000002,Dandelion
215,532,0.52800000000000002,Dandelion
63,532,0.52800000000000002,Dandelion
533,69,0.47899999999999998,Dandelion
26,69,0.46500000000000002,Gray40
215,69,0.69799999999999995,Dandelion
6,69,0.69799999999999995,Dandelion
445,69,0.69799999999999995,Dandelion
532,69,0.52800000000000002,Dandelion
68,144,0.437,Gray40
93,67,0.56299999999999994,Peach
151,67,0.51,Peach
15,67,0.77500000000000002,Peach
100,67,0.58799999999999997,Peach
397,67,0.58199999999999996,Peach
298,67,0.48599999999999999,Peach
282,67,0.49,Peach
447,67,0.73399999999999999,Peach
301,67,0.40699999999999997,Peach
67,211,0.504,Peach
93,211,0.504,Peach
15,211,0.504,Peach
447,211,0.504,Peach
282,211,0.49,Peach
447,462,0.66300000000000003,Peach
211,462,0.504,Peach
15,462,0.66300000000000003,Peach
67,462,0.66300000000000003,Peach
466,519,0.374,Gray40
414,519,0.374,Gray40
226,40,0.30499999999999999,Gray40
6,40,0.71099999999999997,Dandelion
324,40,0.61799999999999999,Dandelion
215,40,0.71099999999999997,Dandelion
144,40,0.65600000000000003,Dandelion
69,40,0.69799999999999995,Dandelion
211,138,0.504,Peach
67,138,0.51900000000000002,Peach
93,138,0.51900000000000002,Peach
462,138,0.51900000000000002,Peach
447,138,0.51900000000000002,Peach
15,138,0.51900000000000002,Peach
138,547,0.38100000000000001,Peach
67,547,0.38100000000000001,Peach
447,547,0.38100000000000001,Peach
211,547,0.38100000000000001,Peach
462,547,0.38100000000000001,Peach
6,412,0.77100000000000002,Dandelion
40,412,0.71099999999999997,Dandelion
350,412,0.52300000000000002,Dandelion
226,412,0.30499999999999999,Gray40
63,412,0.77100000000000002,Dandelion
215,412,0.77100000000000002,Dandelion
324,412,0.61799999999999999,Dandelion
144,412,0.65600000000000003,Dandelion
67,207,0.56599999999999995,Peach
447,207,0.56599999999999995,Peach
138,207,0.51900000000000002,Peach
547,207,0.38100000000000001,Peach
462,207,0.56599999999999995,Peach
211,207,0.504,Peach
236,207,0.52700000000000002,Peach
532,150,0.52800000000000002,Dandelion
324,150,0.61799999999999999,Dandelion
63,150,0.78200000000000003,Dandelion
215,150,0.77800000000000002,Dandelion
412,150,0.77100000000000002,Dandelion
485,150,0.63100000000000001,Dandelion
6,150,0.78200000000000003,Dandelion
445,150,0.78200000000000003,Dandelion
69,150,0.69799999999999995,Dandelion
40,150,0.71099999999999997,Dandelion
533,150,0.47899999999999998,Dandelion
40,247,0.501,Dandelion
412,247,0.501,Dandelion
63,247,0.501,Dandelion
445,247,0.501,Dandelion
150,247,0.501,Dandelion
247,174,0.501,Dandelion
412,174,0.61,Dandelion
63,174,0.61,Dandelion
247,11,0.501,Dandelion
533,11,0.47899999999999998,Dandelion
485,11,0.63100000000000001,Dandelion
532,11,0.52800000000000002,Dandelion
63,11,0.78200000000000003,Dandelion
150,11,0.78200000000000003,Dandelion
324,11,0.61799999999999999,Dandelion
174,11,0.61,Dandelion
69,11,0.69799999999999995,Dandelion
150,390,0.31,Gray40
11,390,0.31,Gray40
138,390,0.46500000000000002,Peach
67,390,0.46500000000000002,Peach
207,390,0.46500000000000002,Peach
519,354,0.30499999999999999,Gray40
469,104,0.57799999999999996,Peach
519,104,0.374,Gray40
11,104,0.38600000000000001,Gray40
150,104,0.38600000000000001,Gray40
533,104,0.31900000000000001,Gray40
412,143,0.54,Dandelion
40,143,0.54,Dandelion
144,143,0.54,Dandelion
412,302,0.41599999999999998,Dandelion
143,302,0.41599999999999998,Dandelion
40,302,0.41599999999999998,Dandelion
533,367,0.27900000000000003,Gray40
469,367,0.41799999999999998,Peach
104,367,0.41799999999999998,Peach
104,318,0.56699999999999995,Peach
390,318,0.46500000000000002,Peach
11,318,0.378,Gray40
247,318,0.33400000000000002,Gray40
150,318,0.378,Gray40
143,477,0.51900000000000002,Dandelion
69,477,0.51900000000000002,Dandelion
144,477,0.51900000000000002,Dandelion
40,477,0.51900000000000002,Dandelion
247,154,0.33400000000000002,Gray40
174,154,0.40699999999999997,Gray40
207,154,0.56599999999999995,Peach
412,154,0.42899999999999999,Gray40
354,328,0.26400000000000001,Gray40
318,328,0.26400000000000001,Gray40
390,328,0.26400000000000001,Gray40
519,328,0.39600000000000002,Dandelion
328,355,0.26400000000000001,Gray40
150,355,0.29899999999999999,Gray40
390,355,0.44800000000000001,Peach
318,355,0.44800000000000001,Peach
11,355,0.29899999999999999,Gray40
355,235,0.29899999999999999,Gray40
318,235,0.32900000000000001,Gray40
367,235,0.27900000000000003,Gray40
150,235,0.49299999999999999,Dandelion
355,425,0.44800000000000001,Peach
328,425,0.26400000000000001,Gray40
390,425,0.46500000000000002,Peach
11,425,0.47899999999999998,Gray40
318,425,0.56699999999999995,Peach
235,425,0.32900000000000001,Gray40
150,425,0.47899999999999998,Gray40
390,71,0.46500000000000002,Peach
425,71,0.51300000000000001,Peach
11,71,0.34200000000000003,Gray40
11,289,0.28799999999999998,Gray40
71,289,0.432,Peach
318,289,0.432,Peach
150,289,0.28799999999999998,Gray40
425,289,0.432,Peach
235,289,0.28799999999999998,Gray40
412,464,0.375,Gray40
425,464,0.375,Gray40
235,464,0.32900000000000001,Gray40
289,472,0.28799999999999998,Gray40
425,472,0.40799999999999997,Gray40
154,472,0.40799999999999997,Gray40
11,472,0.40799999999999997,Gray40
302,312,0.27800000000000002,Gray40
367,312,0.27900000000000003,Gray40
425,312,0.29699999999999999,Gray40
235,312,0.29699999999999999,Gray40
143,312,0.29699999999999999,Gray40
71,312,0.29699999999999999,Gray40
464,312,0.44500000000000001,Yellow
312,336,0.38600000000000001,Yellow
235,336,0.25700000000000001,Gray40
71,336,0.25700000000000001,Gray40
289,336,0.25700000000000001,Gray40
425,336,0.25700000000000001,Gray40
328,336,0.25700000000000001,Gray40
312,408,0.44500000000000001,Yellow
328,408,0.26400000000000001,Gray40
464,408,0.56200000000000006,Yellow
472,408,0.61299999999999999,Yellow
336,408,0.38600000000000001,Yellow
235,408,0.32900000000000001,Gray40
336,386,0.371,Yellow
464,386,0.371,Yellow
425,386,0.247,Gray40
408,386,0.371,Yellow
312,386,0.371,Yellow
235,386,0.247,Gray40
154,329,0.372,Gray40
472,329,0.55800000000000005,Yellow
312,329,0.44500000000000001,Yellow
367,329,0.27900000000000003,Gray40
386,329,0.371,Yellow
472,244,0.44600000000000001,Yellow
329,244,0.44600000000000001,Yellow
425,271,0.30599999999999999,Gray40
408,271,0.45900000000000002,Yellow
355,271,0.29899999999999999,Gray40
336,271,0.38600000000000001,Yellow
464,271,0.45900000000000002,Yellow
312,327,0.40799999999999997,Yellow
104,327,0.27200000000000002,Gray40
328,327,0.26400000000000001,Gray40
408,327,0.40799999999999997,Yellow
336,327,0.38600000000000001,Yellow
71,124,0.34200000000000003,Gray40
154,124,0.41899999999999998,Gray40
312,124,0.44500000000000001,Yellow
244,124,0.44600000000000001,Yellow
289,124,0.28799999999999998,Gray40
329,124,0.55800000000000005,Yellow
477,124,0.34599999999999997,Gray40
472,124,0.61299999999999999,Yellow
464,418,0.56200000000000006,Yellow
124,418,0.629,Yellow
312,418,0.44500000000000001,Yellow
289,418,0.28799999999999998,Gray40
329,418,0.55800000000000005,Yellow
386,418,0.371,Yellow
329,265,0.40200000000000002,Yellow
124,265,0.40200000000000002,Yellow
244,265,0.40200000000000002,Yellow
418,265,0.40200000000000002,Yellow
418,169,0.45,Yellow
169,496,0.45,Yellow
418,496,0.45200000000000001,Yellow
496,444,0.45200000000000001,Yellow
169,444,0.45,Yellow
418,444,0.64900000000000002,Yellow
265,444,0.40200000000000002,Yellow
418,290,0.51800000000000002,Yellow
169,290,0.45,Yellow
496,290,0.45200000000000001,Yellow
444,290,0.51800000000000002,Yellow
444,134,0.47799999999999998,Yellow
418,134,0.47799999999999998,Yellow
290,134,0.47799999999999998,Yellow
496,134,0.45200000000000001,Yellow
418,234,0.371,Yellow
134,234,0.371,Yellow
290,234,0.371,Yellow
444,234,0.371,Yellow
496,234,0.371,Yellow
169,498,0.41399999999999998,Yellow
498,222,0.27600000000000002,Gray40
124,535,0.36899999999999999,Yellow
329,535,0.36899999999999999,Yellow
134,535,0.36899999999999999,Yellow
222,380,0.44700000000000001,Canary
380,279,0.495,Canary
142,495,0.79600000000000004,Canary
234,283,0.371,Yellow
134,283,0.44700000000000001,Yellow
467,420,0.85499999999999998,Canary
268,420,0.54400000000000004,Canary
222,420,0.44700000000000001,Canary
279,420,0.56799999999999995,Canary
498,420,0.27600000000000002,Gray40
380,541,0.45800000000000002,Canary
279,541,0.45800000000000002,Canary
268,541,0.45800000000000002,Canary
420,391,0.56100000000000005,Canary
268,112,0.54400000000000004,Canary
420,112,0.63800000000000001,Canary
391,112,0.56100000000000005,Canary
541,112,0.45800000000000002,Canary
380,112,0.495,Canary
467,112,0.63800000000000001,Canary
279,112,0.56799999999999995,Canary
495,112,0.63800000000000001,Canary
112,209,0.56399999999999995,Canary
279,209,0.56399999999999995,Canary
420,209,0.56399999999999995,Canary
268,209,0.54400000000000004,Canary
541,209,0.45800000000000002,Canary
209,348,0.56399999999999995,Canary
467,348,1.0149999999999999,Canary
420,348,0.85499999999999998,Canary
495,348,0.93600000000000005,Canary
420,230,0.59099999999999997,Canary
209,230,0.56399999999999995,Canary
380,230,0.495,Canary
391,410,0.56100000000000005,Canary
222,410,0.44700000000000001,Canary
268,410,0.54400000000000004,Canary
467,410,0.88700000000000001,Canary
420,410,0.85499999999999998,Canary
230,410,0.59099999999999997,Canary
348,410,0.88700000000000001,Canary
209,410,0.56399999999999995,Canary
380,214,0.495,Canary
112,214,0.63800000000000001,Canary
495,214,0.70199999999999996,Canary
541,214,0.45800000000000002,Canary
209,214,0.56399999999999995,Canary
420,214,0.70199999999999996,Canary
230,214,0.59099999999999997,Canary
467,214,0.70199999999999996,Canary
410,214,0.70199999999999996,Canary
230,407,0.59099999999999997,Canary
209,407,0.56399999999999995,Canary
214,407,0.70199999999999996,Canary
268,407,0.54400000000000004,Canary
112,407,0.63800000000000001,Canary
391,407,0.56100000000000005,Canary
420,407,0.85499999999999998,Canary
380,407,0.495,Canary
279,407,0.56799999999999995,Canary
410,407,0.88700000000000001,Canary
467,407,1.0960000000000001,Canary
348,407,1.0149999999999999,Canary
541,407,0.45800000000000002,Canary
498,250,0.41399999999999998,Yellow
391,250,0.36,Gray40
267,511,0.41099999999999998,Yellow
250,511,0.41099999999999998,Yellow
410,183,0.60299999999999998,Canary
112,183,0.60299999999999998,Canary
209,183,0.56399999999999995,Canary
230,183,0.59099999999999997,Canary
420,183,0.60299999999999998,Canary
214,183,0.60299999999999998,Canary
407,183,0.60299999999999998,Canary
511,261,0.41099999999999998,Yellow
283,261,0.44700000000000001,Yellow
267,261,0.498,Yellow
283,181,0.44700000000000001,Yellow
267,181,0.498,Yellow
511,181,0.41099999999999998,Yellow
261,181,0.52200000000000002,Yellow
407,170,0.85699999999999998,Canary
420,170,0.85499999999999998,Canary
410,170,0.85699999999999998,Canary
391,170,0.56100000000000005,Canary
410,488,0.61699999999999999,Canary
407,488,0.61699999999999999,Canary
170,488,0.61699999999999999,Canary
267,492,0.498,Yellow
511,492,0.41099999999999998,Yellow
261,492,0.54,Yellow
267,281,0.47799999999999998,Yellow
492,281,0.47799999999999998,Yellow
261,281,0.47799999999999998,Yellow
407,502,0.65600000000000003,Canary
410,502,0.65600000000000003,Canary
170,502,0.65600000000000003,Canary
420,502,0.65600000000000003,Canary
488,502,0.61699999999999999,Canary
444,212,0.64900000000000002,Yellow
290,212,0.51800000000000002,Yellow
327,27,0.40799999999999997,Yellow
181,27,0.52200000000000002,Yellow
170,27,0.42299999999999999,Gray40
407,379,0.61399999999999999,Canary
183,379,0.60299999999999998,Canary
170,379,0.61399999999999999,Canary
502,379,0.61399999999999999,Canary
410,379,0.61399999999999999,Canary
112,379,0.61399999999999999,Canary
488,379,0.61399999999999999,Canary
181,543,0.38300000000000001,Yellow
267,543,0.38300000000000001,Yellow
27,543,0.38300000000000001,Yellow
283,403,0.44700000000000001,Yellow
271,403,0.45900000000000002,Yellow
444,403,0.64900000000000002,Yellow
496,403,0.45200000000000001,Yellow
234,403,0.371,Yellow
281,403,0.47799999999999998,Yellow
250,403,0.54,Yellow
265,403,0.40200000000000002,Yellow
261,403,0.54,Yellow
492,403,0.55400000000000005,Yellow
327,403,0.40799999999999997,Yellow
511,403,0.41099999999999998,Yellow
134,403,0.47799999999999998,Yellow
290,403,0.51800000000000002,Yellow
124,403,0.629,Yellow
403,536,0.43099999999999999,Yellow
124,536,0.43099999999999999,Yellow
403,145,0.48699999999999999,Yellow
283,145,0.44700000000000001,Yellow
536,145,0.43099999999999999,Yellow
181,145,0.48699999999999999,Yellow
250,246,0.38300000000000001,Yellow
403,246,0.38300000000000001,Yellow
246,431,0.38300000000000001,Yellow
250,431,0.54,Yellow
181,431,0.52200000000000002,Yellow
281,431,0.47799999999999998,Yellow
543,431,0.38300000000000001,Yellow
511,431,0.41099999999999998,Yellow
403,431,0.63400000000000001,Yellow
267,431,0.498,Yellow
261,431,0.54,Yellow
492,431,0.55400000000000005,Yellow
403,198,0.49399999999999999,Yellow
431,198,0.49399999999999999,Yellow
492,198,0.49399999999999999,Yellow
250,198,0.49399999999999999,Yellow
246,198,0.38300000000000001,Yellow
246,516,0.38300000000000001,Yellow
198,516,0.39800000000000002,Yellow
250,516,0.39800000000000002,Yellow
198,220,0.49399999999999999,Yellow
246,220,0.38300000000000001,Yellow
431,220,0.50600000000000001,Yellow
516,220,0.39800000000000002,Yellow
403,220,0.50600000000000001,Yellow
283,220,0.44700000000000001,Yellow
488,182,0.59299999999999997,Canary
410,182,0.59299999999999997,Canary
407,182,0.59299999999999997,Canary
170,182,0.59299999999999997,Canary
420,182,0.59299999999999997,Canary
220,314,0.45200000000000001,Yellow
261,314,0.45200000000000001,Yellow
181,314,0.45200000000000001,Yellow
403,314,0.45200000000000001,Yellow
198,527,0.4,Yellow
403,527,0.4,Yellow
536,527,0.4,Yellow
220,527,0.4,Yellow
234,527,0.371,Yellow
281,383,0.38500000000000001,Yellow
267,383,0.38500000000000001,Yellow
431,383,0.38500000000000001,Yellow
492,383,0.38500000000000001,Yellow
261,383,0.38500000000000001,Yellow
516,434,0.39800000000000002,Yellow
527,434,0.4,Yellow
198,434,0.49399999999999999,Yellow
220,434,0.50600000000000001,Yellow
403,434,0.55200000000000005,Yellow
516,438,0.39800000000000002,Yellow
403,438,0.58599999999999997,Yellow
246,438,0.38300000000000001,Yellow
527,438,0.4,Yellow
198,438,0.49399999999999999,Yellow
220,438,0.50600000000000001,Yellow
434,438,0.55200000000000005,Yellow
438,388,0.39600000000000002,Yellow
543,388,0.38300000000000001,Yellow
27,388,0.39600000000000002,Yellow
434,388,0.39600000000000002,Yellow
220,388,0.39600000000000002,Yellow
283,126,0.44700000000000001,Yellow
536,126,0.43099999999999999,Yellow
403,126,0.50700000000000001,Yellow
314,126,0.45200000000000001,Yellow
145,126,0.48699999999999999,Yellow
145,58,0.48699999999999999,Yellow
314,58,0.45200000000000001,Yellow
126,58,0.50700000000000001,Yellow
403,58,0.53500000000000003,Yellow
527,58,0.4,Yellow
536,58,0.43099999999999999,Yellow
183,334,0.50700000000000001,Canary
182,334,0.50700000000000001,Canary
126,171,0.44500000000000001,Yellow
536,171,0.43099999999999999,Yellow
58,171,0.44500000000000001,Yellow
403,171,0.44500000000000001,Yellow
27,360,0.34399999999999997,Yellow
403,360,0.34399999999999997,Yellow
58,105,0.52200000000000002,Yellow
126,105,0.50700000000000001,Yellow
403,105,0.52200000000000002,Yellow
388,237,0.39600000000000002,Yellow
434,237,0.436,Yellow
438,237,0.436,Yellow
383,259,0.38500000000000001,Yellow
431,259,0.442,Yellow
259,79,0.442,Yellow
360,79,0.34399999999999997,Yellow
27,79,0.60599999999999998,Yellow
535,99,0.36899999999999999,Yellow
536,411,0.43099999999999999,Yellow
360,411,0.34399999999999997,Yellow
438,411,0.58599999999999997,Yellow
259,411,0.442,Yellow
403,411,0.86399999999999999,Yellow
388,411,0.39600000000000002,Yellow
79,411,0.60599999999999998,Yellow
237,411,0.436,Yellow
259,513,0.442,Yellow
79,513,0.45700000000000002,Yellow
411,513,0.45700000000000002,Yellow
438,513,0.45700000000000002,Yellow
403,123,0.495,Yellow
126,123,0.495,Yellow
105,123,0.495,Yellow
126,486,0.50700000000000001,Yellow
403,486,0.53500000000000003,Yellow
171,486,0.44500000000000001,Yellow
105,486,0.52200000000000002,Yellow
527,486,0.4,Yellow
123,486,0.495,Yellow
58,486,0.53500000000000003,Yellow
259,95,0.442,Yellow
411,95,0.53700000000000003,Yellow
79,95,0.53700000000000003,Yellow
360,95,0.34399999999999997,Yellow
513,95,0.45700000000000002,Yellow
237,95,0.436,Yellow
334,122,0.50700000000000001,Canary
334,381,0.50700000000000001,Canary
122,381,0.56599999999999995,Canary
